dteday,season,yr,mnth,holiday,workingday,weathersit,temp,atemp,hum,windspeed,cnt
2011-01-01,winter,0,1,0,0,light_rain,0.4634,0.4464,0.6843,0.2074,50
2011-01-02,winter,0,1,0,0,light_rain,0.4502,0.4696,0.8168,0.136,50
2011-01-03,winter,0,1,0,1,light_rain,0.5108,0.4859,0.7612,0.2336,352
2011-01-04,winter,0,1,0,1,light_rain,0.5675,0.5241,0.8063,0.2176,341
2011-01-05,winter,0,1,0,1,light_rain,0.4881,0.4682,0.6886,0.2177,228
2011-01-06,winter,0,1,0,1,light_rain,0.521,0.5419,0.7526,0.1635,141
2011-01-07,winter,0,1,0,1,light_rain,0.5425,0.5877,0.7892,0.1637,278
2011-01-08,winter,0,1,0,0,light_rain,0.5552,0.5282,0.7059,0.2341,50
2011-01-09,winter,0,1,0,0,light_rain,0.4286,0.3732,0.6251,0.2275,50
2011-01-10,winter,0,1,0,1,light_rain,0.5375,0.5411,0.7131,0.1393,170
2011-01-11,winter,0,1,0,1,light_rain,0.4986,0.5641,0.7646,0.1945,91
2011-01-12,winter,0,1,0,1,light_rain,0.4519,0.4814,0.6454,0.1463,50
2011-01-13,winter,0,1,0,1,light_rain,0.4458,0.5009,0.7258,0.213,178
2011-01-14,winter,0,1,0,1,light_rain,0.4818,0.4889,0.6883,0.2169,224
2011-01-15,winter,0,1,0,0,light_rain,0.4205,0.4665,0.732,0.1049,50
2011-01-16,winter,0,1,0,0,light_rain,0.3833,0.4221,0.6529,0.1261,50
2011-01-17,winter,0,1,0,1,light_rain,0.5051,0.5308,0.6761,0.0923,111
2011-01-18,winter,0,1,0,1,light_rain,0.562,0.6014,0.7355,0.2805,157
2011-01-19,winter,0,1,0,1,light_rain,0.4807,0.4597,0.655,0.2002,50
2011-01-20,winter,0,1,0,1,light_rain,0.5592,0.5999,0.6498,0.2506,246
2011-01-21,winter,0,1,0,1,light_rain,0.468,0.4077,0.6168,0.2409,312
2011-01-22,winter,0,1,0,0,light_rain,0.4204,0.3812,0.7513,0.1873,50
2011-01-23,winter,0,1,0,0,light_rain,0.3782,0.3579,0.7999,0.1553,50
2011-01-24,winter,0,1,0,1,light_rain,0.4344,0.4447,0.7058,0.1914,282
2011-01-25,winter,0,1,0,1,light_rain,0.6163,0.6342,0.6676,0.0909,378
2011-01-26,winter,0,1,0,1,light_rain,0.4817,0.5031,0.7552,0.2101,217
2011-01-27,winter,0,1,0,1,light_rain,0.3547,0.3228,0.817,0.2276,50
2011-01-28,winter,0,1,1,0,mist,0.4999,0.4954,0.4941,0.2065,517
2011-01-29,winter,0,1,0,0,light_rain,0.469,0.4731,0.7864,0.1746,78
2011-01-30,winter,0,1,0,0,light_rain,0.462,0.4104,0.66,0.1352,50
2011-01-31,winter,0,1,0,1,light_rain,0.4488,0.5188,0.771,0.1713,50
2011-02-01,winter,0,2,0,1,light_rain,0.6074,0.6,0.7479,0.2385,200
2011-02-02,winter,0,2,0,1,light_rain,0.6453,0.6571,0.6552,0.2669,307
2011-02-03,winter,0,2,1,0,light_rain,0.5298,0.4911,0.6121,0.1531,50
2011-02-04,winter,0,2,0,1,light_rain,0.5833,0.59,0.6182,0.2476,114
2011-02-05,winter,0,2,0,0,light_rain,0.6486,0.6051,0.8558,0.1625,50
2011-02-06,winter,0,2,0,0,light_rain,0.7361,0.7744,0.7436,0.1653,418
2011-02-07,winter,0,2,0,1,light_rain,0.7116,0.6973,0.6856,0.2905,332
2011-02-08,winter,0,2,0,1,light_rain,0.8232,0.7329,0.7531,0.2436,491
2011-02-09,winter,0,2,0,1,light_rain,0.7718,0.7305,0.748,0.2578,443
2011-02-10,winter,0,2,0,1,light_rain,0.5261,0.5428,0.7428,0.095,412
2011-02-11,winter,0,2,0,1,light_rain,0.7171,0.7524,0.7116,0.2701,549
2011-02-12,winter,0,2,0,0,light_rain,0.7533,0.7399,0.6288,0.1046,519
2011-02-13,winter,0,2,0,0,light_rain,0.6931,0.663,0.6282,0.2752,196
2011-02-14,winter,0,2,0,1,light_rain,0.5266,0.5348,0.8215,0.2343,63
2011-02-15,winter,0,2,0,1,light_rain,0.6458,0.6377,0.7191,0.1268,226
2011-02-16,winter,0,2,0,1,light_rain,0.6095,0.5495,0.7326,0.2203,90
2011-02-17,winter,0,2,0,1,light_rain,0.7045,0.7027,0.651,0.314,388
2011-02-18,winter,0,2,0,1,light_rain,0.7672,0.681,0.8088,0.2227,511
2011-02-19,winter,0,2,0,0,light_rain,0.7266,0.6995,0.6762,0.224,163
2011-02-20,winter,0,2,0,0,light_rain,0.5921,0.5126,0.7342,0.1588,140
2011-02-21,winter,0,2,0,1,light_rain,0.7381,0.7301,0.7455,0.2069,603
2011-02-22,winter,0,2,0,1,light_rain,0.6755,0.6278,0.6553,0.1038,444
2011-02-23,winter,0,2,0,1,light_rain,0.7542,0.7441,0.7512,0.2081,361
2011-02-24,winter,0,2,0,1,light_rain,0.6509,0.6727,0.7654,0.1676,229
2011-02-25,winter,0,2,0,1,light_rain,0.6905,0.6247,0.7713,0.138,533
2011-02-26,winter,0,2,0,0,light_rain,0.6692,0.6504,0.6823,0.2159,94
2011-02-27,winter,0,2,0,0,light_rain,0.6562,0.5753,0.7281,0.1463,169
2011-02-28,winter,0,2,0,1,light_rain,0.7944,0.8128,0.8207,0.2469,478
2011-03-01,spring,0,3,0,1,light_rain,0.8731,0.8561,0.808,0.2025,758
2011-03-02,spring,0,3,0,1,light_rain,0.8353,0.7851,0.7162,0.2418,740
2011-03-03,spring,0,3,0,1,light_rain,0.6905,0.7285,0.7912,0.2306,356
2011-03-04,spring,0,3,0,1,light_rain,0.7455,0.7412,0.7895,0.0974,501
2011-03-05,spring,0,3,0,0,light_rain,0.8023,0.8104,0.7183,0.1279,258
2011-03-06,spring,0,3,0,0,light_rain,0.8474,0.8484,0.8119,0.1865,385
2011-03-07,spring,0,3,0,1,light_rain,0.6635,0.6515,0.7431,0.2024,302
2011-03-08,spring,0,3,0,1,light_rain,0.8665,0.9061,0.5967,0.2788,775
2011-03-09,spring,0,3,0,1,heavy_rain,0.7099,0.7078,0.9409,0.1872,50
2011-03-10,spring,0,3,0,1,light_rain,0.7023,0.6699,0.6299,0.2025,350
2011-03-11,spring,0,3,0,1,light_rain,0.883,0.9041,0.7003,0.2075,777
2011-03-12,spring,0,3,0,0,light_rain,0.7505,0.7655,0.7041,0.1648,341
2011-03-13,spring,0,3,0,0,light_rain,0.8256,0.8198,0.6409,0.125,280
2011-03-14,spring,0,3,0,1,light_rain,0.878,0.8864,0.7149,0.2375,774
2011-03-15,spring,0,3,0,1,light_rain,0.8463,0.7962,0.7175,0.2189,600
2011-03-16,spring,0,3,0,1,light_rain,0.7099,0.756,0.6316,0.1577,572
2011-03-17,spring,0,3,0,1,light_rain,0.7498,0.7883,0.7809,0.2295,675
2011-03-18,spring,0,3,0,1,light_rain,0.7475,0.755,0.8689,0.1267,462
2011-03-19,spring,0,3,0,0,light_rain,0.8272,0.8559,0.7773,0.2699,418
2011-03-20,spring,0,3,0,0,light_rain,0.8228,0.9183,0.8063,0.1981,516
2011-03-21,spring,0,3,0,1,light_rain,0.885,0.8316,0.7913,0.3359,714
2011-03-22,spring,0,3,0,1,light_rain,0.8372,0.8347,0.685,0.1299,495
2011-03-23,spring,0,3,0,1,light_rain,0.8733,0.8755,0.8537,0.2129,463
2011-03-24,spring,0,3,0,1,light_rain,0.7812,0.7627,0.7954,0.2092,486
2011-03-25,spring,0,3,0,1,light_rain,0.7713,0.6875,0.7888,0.1896,514
2011-03-26,spring,0,3,0,0,heavy_rain,0.6736,0.707,0.8835,0.2845,50
2011-03-27,spring,0,3,0,0,light_rain,0.7442,0.6942,0.8275,0.2309,262
2011-03-28,spring,0,3,0,1,light_rain,0.6617,0.6309,0.7378,0.1872,425
2011-03-29,spring,0,3,0,1,light_rain,0.7309,0.7007,0.7551,0.155,347
2011-03-30,spring,0,3,0,1,light_rain,0.9182,0.9747,0.8446,0.2457,814
2011-03-31,spring,0,3,0,1,light_rain,0.8174,0.7876,0.8022,0.2968,647
2011-04-01,spring,0,4,0,1,light_rain,0.8501,0.8697,0.5817,0.2178,688
2011-04-02,spring,0,4,0,0,light_rain,0.837,0.7821,0.8248,0.1628,598
2011-04-03,spring,0,4,0,0,light_rain,0.8057,0.8055,0.7672,0.2395,498
2011-04-04,spring,0,4,1,0,light_rain,0.8394,0.7961,0.8567,0.145,339
2011-04-05,spring,0,4,0,1,light_rain,0.9281,0.8665,0.6928,0.3187,647
2011-04-06,spring,0,4,0,1,light_rain,0.7618,0.7611,0.5405,0.1721,649
2011-04-07,spring,0,4,0,1,light_rain,0.7943,0.7985,0.6378,0.1629,702
2011-04-08,spring,0,4,0,1,light_rain,0.7723,0.8372,0.6308,0.2038,444
2011-04-09,spring,0,4,0,0,light_rain,0.8187,0.8197,0.7008,0.0967,364
2011-04-10,spring,0,4,0,0,heavy_rain,1.0,0.9648,0.9007,0.245,50
2011-04-11,spring,0,4,0,1,light_rain,0.9978,0.9526,0.6556,0.2618,538
2011-04-12,spring,0,4,0,1,light_rain,1.0,1.0,0.8152,0.1401,863
2011-04-13,spring,0,4,0,1,light_rain,0.7422,0.713,0.6496,0.2299,618
2011-04-14,spring,0,4,0,1,light_rain,0.7346,0.7431,0.7654,0.1733,445
2011-04-15,spring,0,4,0,1,light_rain,0.9233,0.9518,0.8559,0.1547,773
2011-04-16,spring,0,4,0,0,light_rain,0.7737,0.7568,0.6594,0.2009,434
2011-04-17,spring,0,4,0,0,light_rain,0.8732,0.8419,0.8015,0.1365,455
2011-04-18,spring,0,4,0,1,light_rain,0.7373,0.6659,0.6771,0.1403,628
2011-04-19,spring,0,4,0,1,light_rain,0.9401,0.94,0.7682,0.2946,751
2011-04-20,spring,0,4,0,1,light_rain,0.8388,0.9225,0.7763,0.125,661
2011-04-21,spring,0,4,0,1,light_rain,0.8171,0.7936,0.6703,0.2434,588
2011-04-22,spring,0,4,0,1,light_rain,1.0,1.0,0.5111,0.2559,809
2011-04-23,spring,0,4,0,0,light_rain,0.8637,0.8318,0.7494,0.193,336
2011-04-24,spring,0,4,0,0,light_rain,0.7629,0.7957,0.5632,0.1529,438
2011-04-25,spring,0,4,0,1,light_rain,0.7744,0.7647,0.5621,0.1389,707
2011-04-26,spring,0,4,0,1,light_rain,0.947,1.0,0.6965,0.2184,865
2011-04-27,spring,0,4,0,1,light_rain,0.7709,0.8097,0.5925,0.2307,692
2011-04-28,spring,0,4,0,1,light_rain,0.972,0.9596,0.7497,0.2583,734
2011-04-29,spring,0,4,0,1,light_rain,0.7486,0.8575,0.8263,0.0935,520
2011-04-30,spring,0,4,0,0,light_rain,0.8599,0.833,0.7261,0.2575,632
2011-05-01,spring,0,5,0,0,light_rain,0.7004,0.621,0.6891,0.2007,212
2011-05-02,spring,0,5,0,1,light_rain,0.8786,0.8755,0.6985,0.1342,618
2011-05-03,spring,0,5,0,1,light_rain,0.8901,0.8483,0.5185,0.2396,685
2011-05-04,spring,0,5,0,1,light_rain,0.8311,0.8399,0.568,0.1797,729
2011-05-05,spring,0,5,0,1,mist,0.7704,0.745,0.4286,0.2416,973
2011-05-06,spring,0,5,0,1,light_rain,0.7397,0.7307,0.7911,0.1054,491
2011-05-07,spring,0,5,0,0,mist,0.7744,0.7711,0.4902,0.2381,1062
2011-05-08,spring,0,5,0,0,light_rain,0.6862,0.678,0.7013,0.2094,267
2011-05-09,spring,0,5,0,1,light_rain,0.7257,0.6912,0.6066,0.1714,496
2011-05-10,spring,0,5,0,1,mist,0.8934,0.8941,0.5011,0.1294,1261
2011-05-11,spring,0,5,0,1,light_rain,0.7495,0.769,0.7526,0.2701,626
2011-05-12,spring,0,5,0,1,light_rain,0.7902,0.7723,0.6084,0.1289,581
2011-05-13,spring,0,5,0,1,light_rain,0.905,0.8854,0.7779,0.1699,737
2011-05-14,spring,0,5,0,0,light_rain,0.8207,0.8327,0.5112,0.2663,598
2011-05-15,spring,0,5,0,0,light_rain,0.7965,0.7408,0.6545,0.199,337
2011-05-16,spring,0,5,0,1,light_rain,0.8807,0.8539,0.6961,0.1753,699
2011-05-17,spring,0,5,0,1,light_rain,0.8334,0.861,0.5448,0.2622,546
2011-05-18,spring,0,5,0,1,light_rain,0.8271,0.8184,0.5317,0.182,594
2011-05-19,spring,0,5,0,1,light_rain,0.8121,0.803,0.7086,0.1766,568
2011-05-20,spring,0,5,0,1,light_rain,0.913,1.0,0.5475,0.2446,915
2011-05-21,spring,0,5,0,0,mist,0.9326,0.9355,0.4964,0.1952,1074
2011-05-22,spring,0,5,0,0,light_rain,0.6058,0.5954,0.6763,0.1455,87
2011-05-23,spring,0,5,0,1,light_rain,0.9544,0.923,0.5859,0.1613,947
2011-05-24,spring,0,5,0,1,light_rain,0.8615,0.8635,0.715,0.1025,658
2011-05-25,spring,0,5,0,1,light_rain,0.7719,0.6488,0.6478,0.2789,690
2011-05-26,spring,0,5,0,1,light_rain,0.8694,0.7895,0.5903,0.1006,935
2011-05-27,spring,0,5,0,1,light_rain,0.6807,0.7116,0.6036,0.2483,447
2011-05-28,spring,0,5,0,0,light_rain,0.8232,0.8252,0.6763,0.1997,347
2011-05-29,spring,0,5,0,0,light_rain,0.8955,0.9415,0.7885,0.2986,659
2011-05-30,spring,0,5,0,1,light_rain,0.7746,0.7539,0.7643,0.1956,609
2011-05-31,spring,0,5,0,1,light_rain,0.61,0.6495,0.5175,0.228,389
2011-06-01,summer,0,6,0,1,light_rain,0.6814,0.6913,0.511,0.2727,708
2011-06-02,summer,0,6,0,1,light_rain,0.6537,0.7551,0.5086,0.2339,458
2011-06-03,summer,0,6,0,1,light_rain,0.7901,0.71,0.577,0.1326,583
2011-06-04,summer,0,6,0,0,light_rain,0.7471,0.7733,0.5766,0.1425,336
2011-06-05,summer,0,6,0,0,light_rain,0.8349,0.8525,0.5725,0.172,463
2011-06-06,summer,0,6,0,1,light_rain,0.683,0.6342,0.7243,0.1861,369
2011-06-07,summer,0,6,0,1,light_rain,0.7346,0.7703,0.569,0.2387,464
2011-06-08,summer,0,6,0,1,light_rain,0.7283,0.7773,0.525,0.1741,757
2011-06-09,summer,0,6,0,1,light_rain,0.6265,0.6524,0.5533,0.2698,465
2011-06-10,summer,0,6,0,1,light_rain,0.7019,0.7456,0.5297,0.1831,424
2011-06-11,summer,0,6,0,0,light_rain,0.8861,0.8723,0.5426,0.2362,558
2011-06-12,summer,0,6,0,0,light_rain,0.6325,0.7015,0.6687,0.1768,51
2011-06-13,summer,0,6,0,1,light_rain,0.7241,0.6947,0.5952,0.224,516
2011-06-14,summer,0,6,0,1,mist,0.67,0.6683,0.372,0.1529,1113
2011-06-15,summer,0,6,0,1,light_rain,0.7436,0.719,0.7526,0.2093,438
2011-06-16,summer,0,6,0,1,light_rain,0.611,0.5916,0.6065,0.237,354
2011-06-17,summer,0,6,0,1,mist,0.7915,0.777,0.4131,0.1936,1219
2011-06-18,summer,0,6,0,0,mist,0.6694,0.6312,0.5197,0.1424,767
2011-06-19,summer,0,6,0,0,light_rain,0.6578,0.643,0.5116,0.3008,180
2011-06-20,summer,0,6,0,1,light_rain,0.6357,0.6413,0.5565,0.1803,497
2011-06-21,summer,0,6,0,1,mist,0.7111,0.6901,0.5276,0.1094,1017
2011-06-22,summer,0,6,0,1,mist,0.6034,0.6382,0.3726,0.255,1010
2011-06-23,summer,0,6,0,1,light_rain,0.7466,0.7155,0.5145,0.2697,672
2011-06-24,summer,0,6,0,1,light_rain,0.6243,0.5916,0.6927,0.1856,486
2011-06-25,summer,0,6,0,0,mist,0.6638,0.6771,0.44,0.1271,594
2011-06-26,summer,0,6,0,0,light_rain,0.7781,0.7964,0.7075,0.1715,271
2011-06-27,summer,0,6,0,1,mist,0.7937,0.7248,0.4523,0.198,1175
2011-06-28,summer,0,6,0,1,mist,0.6932,0.651,0.4863,0.206,1001
2011-06-29,summer,0,6,0,1,light_rain,0.6322,0.6522,0.5412,0.1372,304
2011-06-30,summer,0,6,0,1,mist,0.6783,0.6326,0.5003,0.2067,1026
2011-07-01,summer,0,7,0,1,mist,0.5662,0.539,0.4839,0.1837,722
2011-07-02,summer,0,7,0,0,light_rain,0.5126,0.4206,0.5514,0.1941,233
2011-07-03,summer,0,7,0,0,mist,0.5447,0.5845,0.528,0.1183,498
2011-07-04,summer,0,7,1,0,light_rain,0.5974,0.5377,0.7277,0.1911,297
2011-07-05,summer,0,7,0,1,mist,0.3548,0.3679,0.5006,0.1981,459
2011-07-06,summer,0,7,0,1,mist,0.5066,0.5692,0.5606,0.0804,593
2011-07-07,summer,0,7,0,1,mist,0.5104,0.5097,0.4735,0.1469,709
2011-07-08,summer,0,7,0,1,mist,0.4577,0.511,0.3893,0.2259,823
2011-07-09,summer,0,7,0,0,mist,0.5422,0.5353,0.4264,0.1006,634
2011-07-10,summer,0,7,0,0,light_rain,0.4348,0.3902,0.579,0.2023,50
2011-07-11,summer,0,7,1,0,light_rain,0.4689,0.4251,0.5732,0.2146,52
2011-07-12,summer,0,7,0,1,light_rain,0.4722,0.4602,0.5296,0.2097,347
2011-07-13,summer,0,7,0,1,light_rain,0.6508,0.7155,0.6379,0.191,470
2011-07-14,summer,0,7,0,1,mist,0.4096,0.4802,0.354,0.1503,795
2011-07-15,summer,0,7,0,1,mist,0.4893,0.4997,0.4792,0.2595,927
2011-07-16,summer,0,7,0,0,mist,0.581,0.6201,0.5054,0.1229,588
2011-07-17,summer,0,7,0,0,light_rain,0.5493,0.5795,0.5465,0.2395,155
2011-07-18,summer,0,7,0,1,mist,0.3984,0.3313,0.4235,0.2249,612
2011-07-19,summer,0,7,0,1,light_rain,0.5065,0.542,0.6069,0.2485,445
2011-07-20,summer,0,7,0,1,mist,0.3517,0.3155,0.454,0.1244,646
2011-07-21,summer,0,7,0,1,light_rain,0.5632,0.5336,0.533,0.1538,569
2011-07-22,summer,0,7,0,1,mist,0.5493,0.5577,0.4646,0.2343,859
2011-07-23,summer,0,7,0,0,mist,0.4535,0.5873,0.4255,0.1887,663
2011-07-24,summer,0,7,0,0,mist,0.4128,0.4054,0.4616,0.1618,328
2011-07-25,summer,0,7,0,1,light_rain,0.5051,0.5389,0.5863,0.1653,222
2011-07-26,summer,0,7,0,1,mist,0.4393,0.3878,0.4636,0.1956,566
2011-07-27,summer,0,7,0,1,mist,0.4172,0.4477,0.4164,0.1573,682
2011-07-28,summer,0,7,0,1,light_rain,0.5072,0.5111,0.6303,0.1849,53
2011-07-29,summer,0,7,0,1,mist,0.5836,0.5876,0.5049,0.1311,1014
2011-07-30,summer,0,7,0,0,mist,0.46,0.4158,0.4195,0.1662,744
2011-07-31,summer,0,7,0,0,light_rain,0.4244,0.4094,0.6185,0.1734,129
2011-08-01,summer,0,8,0,1,mist,0.2536,0.2002,0.5102,0.1007,628
2011-08-02,summer,0,8,0,1,mist,0.4227,0.3948,0.3717,0.1578,679
2011-08-03,summer,0,8,0,1,mist,0.2426,0.2188,0.3438,0.2576,391
2011-08-04,summer,0,8,0,1,mist,0.2383,0.1812,0.4069,0.2174,616
2011-08-05,summer,0,8,0,1,mist,0.3744,0.3837,0.5181,0.1669,601
2011-08-06,summer,0,8,0,0,mist,0.3372,0.3781,0.4933,0.1849,306
2011-08-07,summer,0,8,0,0,mist,0.4145,0.4808,0.4877,0.1976,643
2011-08-08,summer,0,8,0,1,mist,0.3477,0.4467,0.442,0.1859,609
2011-08-09,summer,0,8,0,1,light_rain,0.2634,0.2696,0.5511,0.1907,215
2011-08-10,summer,0,8,0,1,light_rain,0.4199,0.3857,0.5161,0.2108,50
2011-08-11,summer,0,8,1,0,light_rain,0.2165,0.2166,0.6211,0.2193,50
2011-08-12,summer,0,8,0,1,mist,0.3711,0.3505,0.4746,0.2476,616
2011-08-13,summer,0,8,0,0,mist,0.2967,0.3334,0.5143,0.1782,421
2011-08-14,summer,0,8,0,0,light_rain,0.415,0.4372,0.5813,0.1718,70
2011-08-15,summer,0,8,0,1,mist,0.3058,0.28,0.5017,0.214,320
2011-08-16,summer,0,8,0,1,mist,0.3563,0.3581,0.3594,0.118,653
2011-08-17,summer,0,8,0,1,light_rain,0.3034,0.2876,0.557,0.2296,50
2011-08-18,summer,0,8,0,1,light_rain,0.3402,0.2414,0.5765,0.2113,50
2011-08-19,summer,0,8,0,1,light_rain,0.3623,0.362,0.6649,0.2448,50
2011-08-20,summer,0,8,0,0,mist,0.2891,0.2842,0.3941,0.1245,374
2011-08-21,summer,0,8,0,0,mist,0.3055,0.3362,0.4896,0.0907,50
2011-08-22,summer,0,8,0,1,mist,0.4412,0.436,0.3229,0.1762,961
2011-08-23,summer,0,8,0,1,light_rain,0.3201,0.2932,0.5431,0.2056,106
2011-08-24,summer,0,8,0,1,mist,0.5155,0.5555,0.517,0.1586,727
2011-08-25,summer,0,8,0,1,mist,0.3236,0.3819,0.4934,0.1887,755
2011-08-26,summer,0,8,0,1,light_rain,0.2032,0.1414,0.5337,0.2994,50
2011-08-27,summer,0,8,0,0,mist,0.1753,0.1948,0.4393,0.1764,236
2011-08-28,summer,0,8,0,0,mist,0.4345,0.457,0.5262,0.1652,574
2011-08-29,summer,0,8,0,1,light_rain,0.2887,0.2654,0.6894,0.1345,50
2011-08-30,summer,0,8,0,1,mist,0.2373,0.1833,0.4225,0.2035,459
2011-08-31,summer,0,8,0,1,mist,0.4571,0.4237,0.4639,0.1391,704
2011-09-01,fall,0,9,0,1,light_rain,0.1762,0.122,0.5457,0.2151,50
2011-09-02,fall,0,9,0,1,light_rain,0.1564,0.1955,0.606,0.0826,50
2011-09-03,fall,0,9,0,0,light_rain,0.255,0.2544,0.531,0.1931,50
2011-09-04,fall,0,9,0,0,mist,0.1932,0.1674,0.4928,0.1004,229
2011-09-05,fall,0,9,0,1,mist,0.2227,0.1909,0.4273,0.242,404
2011-09-06,fall,0,9,0,1,mist,0.2044,0.1489,0.4189,0.2227,547
2011-09-07,fall,0,9,0,1,light_rain,0.1324,0.1023,0.5327,0.2387,50
2011-09-08,fall,0,9,0,1,mist,0.1109,0.1166,0.4542,0.1937,245
2011-09-09,fall,0,9,0,1,mist,0.26,0.2512,0.5043,0.1382,555
2011-09-10,fall,0,9,0,0,light_rain,0.2246,0.2106,0.6029,0.2329,50
2011-09-11,fall,0,9,0,0,mist,0.1779,0.1522,0.4038,0.1743,166
2011-09-12,fall,0,9,0,1,mist,0.0,0.0066,0.4614,0.2542,365
2011-09-13,fall,0,9,0,1,light_rain,0.1368,0.1384,0.5142,0.2004,50
2011-09-14,fall,0,9,0,1,light_rain,0.1826,0.2151,0.5107,0.2208,50
2011-09-15,fall,0,9,0,1,mist,0.2929,0.3328,0.4585,0.1928,580
2011-09-16,fall,0,9,0,1,mist,0.2318,0.1946,0.3697,0.2696,417
2011-09-17,fall,0,9,0,0,mist,0.337,0.3372,0.48,0.2266,309
2011-09-18,fall,0,9,0,0,mist,0.0251,0.0261,0.4015,0.3518,50
2011-09-19,fall,0,9,0,1,light_rain,0.1335,0.0957,0.5676,0.2149,50
2011-09-20,fall,0,9,0,1,light_rain,0.2095,0.2275,0.6369,0.235,50
2011-09-21,fall,0,9,0,1,mist,0.0837,0.1012,0.35,0.1638,132
2011-09-22,fall,0,9,0,1,mist,0.1947,0.2481,0.4563,0.1901,620
2011-09-23,fall,0,9,0,1,light_rain,0.226,0.1447,0.5589,0.194,50
2011-09-24,fall,0,9,0,0,mist,0.233,0.2252,0.4333,0.1016,195
2011-09-25,fall,0,9,0,0,mist,0.2673,0.3326,0.4932,0.1716,557
2011-09-26,fall,0,9,0,1,mist,0.0562,0.0533,0.4938,0.1881,135
2011-09-27,fall,0,9,0,1,light_rain,0.0948,0.0616,0.6049,0.1909,50
2011-09-28,fall,0,9,0,1,light_rain,0.1763,0.22,0.5123,0.1976,50
2011-09-29,fall,0,9,0,1,light_rain,0.2072,0.2222,0.601,0.1997,50
2011-09-30,fall,0,9,0,1,light_rain,0.1109,0.165,0.6269,0.1999,50
2011-10-01,fall,0,10,0,0,light_rain,0.0913,0.0991,0.5858,0.1939,50
2011-10-02,fall,0,10,0,0,light_rain,0.1115,0.1416,0.5231,0.2251,50
2011-10-03,fall,0,10,0,1,light_rain,0.205,0.2287,0.6608,0.141,50
2011-10-04,fall,0,10,0,1,light_rain,0.1765,0.1159,0.6306,0.2532,50
2011-10-05,fall,0,10,0,1,mist,0.223,0.27,0.4296,0.1532,604
2011-10-06,fall,0,10,0,1,light_rain,0.1752,0.143,0.5667,0.1102,50
2011-10-07,fall,0,10,0,1,light_rain,0.3641,0.3487,0.6037,0.1434,149
2011-10-08,fall,0,10,0,0,mist,0.1234,0.1183,0.5056,0.1406,421
2011-10-09,fall,0,10,0,0,light_rain,0.1508,0.1752,0.5448,0.1344,50
2011-10-10,fall,0,10,0,1,mist,0.1576,0.1792,0.5083,0.1381,281
2011-10-11,fall,0,10,0,1,mist,0.2649,0.2122,0.5238,0.166,516
2011-10-12,fall,0,10,0,1,mist,0.3467,0.3398,0.4811,0.1574,633
2011-10-13,fall,0,10,0,1,light_rain,0.1716,0.1525,0.5703,0.1926,50
2011-10-14,fall,0,10,0,1,mist,0.1724,0.142,0.4687,0.2537,460
2011-10-15,fall,0,10,0,0,light_rain,0.2522,0.2058,0.5045,0.2754,50
2011-10-16,fall,0,10,0,0,light_rain,0.1091,0.0862,0.541,0.1585,50
2011-10-17,fall,0,10,0,1,light_rain,0.1222,0.1134,0.5839,0.2048,50
2011-10-18,fall,0,10,0,1,light_rain,0.0,0.0509,0.5699,0.1894,50
2011-10-19,fall,0,10,0,1,light_rain,0.1761,0.159,0.648,0.2023,50
2011-10-20,fall,0,10,0,1,light_rain,0.0952,0.0736,0.5123,0.206,50
2011-10-21,fall,0,10,0,1,light_rain,0.2182,0.1601,0.6565,0.202,123
2011-10-22,fall,0,10,0,0,mist,0.1482,0.1443,0.3618,0.2311,337
2011-10-23,fall,0,10,0,0,light_rain,0.0534,0.123,0.665,0.1742,50
2011-10-24,fall,0,10,0,1,light_rain,0.139,0.0972,0.5688,0.1968,50
2011-10-25,fall,0,10,0,1,mist,0.1353,0.1167,0.4859,0.2236,468
2011-10-26,fall,0,10,0,1,light_rain,0.1292,0.0529,0.5408,0.1601,50
2011-10-27,fall,0,10,0,1,light_rain,0.1371,0.1021,0.5293,0.183,50
2011-10-28,fall,0,10,0,1,light_rain,0.1639,0.1217,0.5336,0.1619,50
2011-10-29,fall,0,10,0,0,light_rain,0.1583,0.1673,0.6986,0.1991,50
2011-10-30,fall,0,10,0,0,light_rain,0.1391,0.1546,0.5768,0.1351,50
2011-10-31,fall,0,10,0,1,mist,0.1813,0.1638,0.4897,0.2184,585
2011-11-01,fall,0,11,0,1,light_rain,0.1947,0.166,0.6433,0.1693,50
2011-11-02,fall,0,11,0,1,light_rain,0.2066,0.1935,0.7049,0.2133,50
2011-11-03,fall,0,11,0,1,light_rain,0.1978,0.2062,0.5846,0.1682,50
2011-11-04,fall,0,11,0,1,light_rain,0.1517,0.1525,0.6483,0.2336,50
2011-11-05,fall,0,11,0,0,light_rain,0.1318,0.0844,0.6233,0.1838,50
2011-11-06,fall,0,11,0,0,light_rain,0.1882,0.1914,0.6903,0.1575,50
2011-11-07,fall,0,11,0,1,light_rain,0.1524,0.1113,0.6465,0.1389,50
2011-11-08,fall,0,11,0,1,light_rain,0.2876,0.3298,0.5483,0.1847,72
2011-11-09,fall,0,11,0,1,light_rain,0.2268,0.2214,0.7446,0.276,50
2011-11-10,fall,0,11,0,1,light_rain,0.0834,0.092,0.6671,0.1597,50
2011-11-11,fall,0,11,0,1,light_rain,0.2437,0.2666,0.6562,0.1388,50
2011-11-12,fall,0,11,0,0,light_rain,0.1778,0.0973,0.6497,0.2048,50
2011-11-13,fall,0,11,0,0,light_rain,0.2322,0.3357,0.6488,0.161,50
2011-11-14,fall,0,11,0,1,light_rain,0.1512,0.1481,0.6693,0.1444,50
2011-11-15,fall,0,11,0,1,light_rain,0.207,0.1717,0.5885,0.1599,135
2011-11-16,fall,0,11,0,1,mist,0.2177,0.1795,0.5036,0.1491,408
2011-11-17,fall,0,11,0,1,light_rain,0.0966,0.1486,0.6312,0.1798,50
2011-11-18,fall,0,11,0,1,light_rain,0.2507,0.3094,0.526,0.2519,50
2011-11-19,fall,0,11,0,0,light_rain,0.1461,0.2116,0.7395,0.2008,50
2011-11-20,fall,0,11,0,0,mist,0.1163,0.1205,0.5259,0.1236,50
2011-11-21,fall,0,11,0,1,light_rain,0.1739,0.1536,0.7014,0.2684,50
2011-11-22,fall,0,11,0,1,light_rain,0.2153,0.2765,0.6487,0.1709,50
2011-11-23,fall,0,11,0,1,light_rain,0.0698,0.0883,0.6511,0.073,50
2011-11-24,fall,0,11,0,1,light_rain,0.3267,0.2979,0.5637,0.1751,101
2011-11-25,fall,0,11,0,1,light_rain,0.262,0.2229,0.6124,0.2978,50
2011-11-26,fall,0,11,0,0,mist,0.1419,0.1699,0.4958,0.1823,67
2011-11-27,fall,0,11,0,0,light_rain,0.1992,0.2371,0.5806,0.2108,50
2011-11-28,fall,0,11,0,1,light_rain,0.3205,0.2553,0.6168,0.1926,50
2011-11-29,fall,0,11,0,1,light_rain,0.1582,0.1574,0.6065,0.1177,50
2011-11-30,fall,0,11,0,1,light_rain,0.1785,0.218,0.5276,0.3185,50
2011-12-01,winter,0,12,0,1,light_rain,0.4439,0.3908,0.7887,0.2731,91
2011-12-02,winter,0,12,0,1,light_rain,0.406,0.441,0.5719,0.2566,67
2011-12-03,winter,0,12,0,0,light_rain,0.235,0.2452,0.6855,0.1443,50
2011-12-04,winter,0,12,0,0,light_rain,0.3719,0.3514,0.7222,0.2068,50
2011-12-05,winter,0,12,0,1,light_rain,0.3955,0.4372,0.6788,0.2666,50
2011-12-06,winter,0,12,0,1,light_rain,0.3386,0.3566,0.5356,0.1782,150
2011-12-07,winter,0,12,0,1,mist,0.3894,0.3188,0.4853,0.1652,631
2011-12-08,winter,0,12,0,1,light_rain,0.2581,0.2517,0.5842,0.1651,50
2011-12-09,winter,0,12,0,1,light_rain,0.49,0.5276,0.7113,0.1318,265
2011-12-10,winter,0,12,0,0,light_rain,0.2895,0.2616,0.5707,0.1654,50
2011-12-11,winter,0,12,0,0,light_rain,0.2443,0.2652,0.7737,0.16,50
2011-12-12,winter,0,12,0,1,mist,0.3274,0.3397,0.3952,0.2048,764
2011-12-13,winter,0,12,0,1,light_rain,0.1843,0.1699,0.6276,0.1485,50
2011-12-14,winter,0,12,0,1,light_rain,0.2502,0.2755,0.8182,0.1651,50
2011-12-15,winter,0,12,0,1,light_rain,0.2226,0.2191,0.5858,0.2046,79
2011-12-16,winter,0,12,0,1,light_rain,0.3826,0.2947,0.6844,0.2224,278
2011-12-17,winter,0,12,0,0,light_rain,0.4584,0.4146,0.6763,0.2642,50
2011-12-18,winter,0,12,0,0,light_rain,0.3616,0.3346,0.65,0.1834,50
2011-12-19,winter,0,12,0,1,light_rain,0.3981,0.4731,0.5218,0.2256,273
2011-12-20,winter,0,12,0,1,light_rain,0.2614,0.2356,0.7235,0.2057,88
2011-12-21,winter,0,12,0,1,light_rain,0.3726,0.4024,0.6367,0.1898,50
2011-12-22,winter,0,12,0,1,light_rain,0.3135,0.375,0.6536,0.2275,216
2011-12-23,winter,0,12,0,1,light_rain,0.5185,0.5036,0.7258,0.1539,458
2011-12-24,winter,0,12,0,0,light_rain,0.4283,0.4304,0.697,0.1691,138
2011-12-25,winter,0,12,0,0,light_rain,0.2813,0.2499,0.7189,0.2137,50
2011-12-26,winter,0,12,0,1,light_rain,0.3198,0.3193,0.6498,0.2406,163
2011-12-27,winter,0,12,0,1,light_rain,0.1663,0.1549,0.5823,0.2123,50
2011-12-28,winter,0,12,0,1,light_rain,0.4007,0.3641,0.7191,0.2073,156
2011-12-29,winter,0,12,0,1,light_rain,0.479,0.5136,0.5907,0.2028,294
2011-12-30,winter,0,12,0,1,light_rain,0.3479,0.3447,0.6053,0.2433,164
2011-12-31,winter,0,12,0,0,light_rain,0.3905,0.4282,0.6974,0.2417,50
2012-01-01,winter,1,1,0,0,light_rain,0.4511,0.4231,0.7962,0.1854,50
2012-01-02,winter,1,1,0,1,heavy_rain,0.5476,0.5325,0.8822,0.2205,50
2012-01-03,winter,1,1,0,1,light_rain,0.4706,0.451,0.5707,0.2186,114
2012-01-04,winter,1,1,0,1,light_rain,0.572,0.5626,0.8225,0.1807,262
2012-01-05,winter,1,1,0,1,light_rain,0.4175,0.3949,0.7124,0.1487,84
2012-01-06,winter,1,1,0,1,light_rain,0.4712,0.4835,0.7009,0.1684,285
2012-01-07,winter,1,1,0,0,light_rain,0.4424,0.511,0.6934,0.1524,50
2012-01-08,winter,1,1,0,0,light_rain,0.557,0.5158,0.7168,0.1227,50
2012-01-09,winter,1,1,0,1,light_rain,0.3039,0.3809,0.7609,0.2406,151
2012-01-10,winter,1,1,0,1,light_rain,0.6579,0.6913,0.7853,0.2089,507
2012-01-11,winter,1,1,0,1,light_rain,0.6739,0.6204,0.7663,0.1941,683
2012-01-12,winter,1,1,0,1,light_rain,0.4705,0.4676,0.7157,0.2406,65
2012-01-13,winter,1,1,0,1,light_rain,0.3628,0.4246,0.7783,0.2346,50
2012-01-14,winter,1,1,0,0,light_rain,0.6667,0.6553,0.7042,0.2189,107
2012-01-15,winter,1,1,0,0,heavy_rain,0.5268,0.5412,0.9942,0.2211,50
2012-01-16,winter,1,1,0,1,light_rain,0.4778,0.5006,0.8115,0.2661,471
2012-01-17,winter,1,1,0,1,light_rain,0.4867,0.4659,0.7878,0.1477,315
2012-01-18,winter,1,1,0,1,light_rain,0.4962,0.507,0.8088,0.1948,77
2012-01-19,winter,1,1,0,1,light_rain,0.6156,0.6097,0.6748,0.2004,482
2012-01-20,winter,1,1,0,1,light_rain,0.4977,0.4711,0.7628,0.1561,156
2012-01-21,winter,1,1,0,0,light_rain,0.5076,0.5026,0.7611,0.1768,128
2012-01-22,winter,1,1,0,0,light_rain,0.5395,0.5732,0.7952,0.1122,111
2012-01-23,winter,1,1,0,1,light_rain,0.5253,0.5264,0.7044,0.1679,311
2012-01-24,winter,1,1,0,1,light_rain,0.4139,0.3965,0.6548,0.1979,114
2012-01-25,winter,1,1,0,1,light_rain,0.5229,0.5139,0.7432,0.159,169
2012-01-26,winter,1,1,0,1,light_rain,0.403,0.3195,0.7084,0.1895,50
2012-01-27,winter,1,1,0,1,light_rain,0.565,0.6121,0.6733,0.1632,487
2012-01-28,winter,1,1,0,0,light_rain,0.4424,0.3862,0.8203,0.252,50
2012-01-29,winter,1,1,0,0,light_rain,0.4976,0.4851,0.8374,0.2294,200
2012-01-30,winter,1,1,0,1,light_rain,0.535,0.5367,0.7413,0.1312,377
2012-01-31,winter,1,1,0,1,light_rain,0.338,0.3553,0.7148,0.2225,78
2012-02-01,winter,1,2,0,1,light_rain,0.5956,0.6389,0.7458,0.1863,329
2012-02-02,winter,1,2,0,1,light_rain,0.6388,0.6515,0.7998,0.2265,139
2012-02-03,winter,1,2,0,1,light_rain,0.6662,0.7218,0.7024,0.2,539
2012-02-04,winter,1,2,0,0,light_rain,0.7066,0.718,0.7501,0.1693,294
2012-02-05,winter,1,2,0,0,light_rain,0.7245,0.7215,0.597,0.1688,437
2012-02-06,winter,1,2,0,1,light_rain,0.7825,0.7591,0.6915,0.1984,352
2012-02-07,winter,1,2,0,1,light_rain,0.7179,0.6608,0.6576,0.1749,598
2012-02-08,winter,1,2,0,1,light_rain,0.7062,0.7407,0.7278,0.2124,510
2012-02-09,winter,1,2,0,1,light_rain,0.6253,0.6274,0.7343,0.1662,289
2012-02-10,winter,1,2,0,1,light_rain,0.7032,0.6358,0.6127,0.125,679
2012-02-11,winter,1,2,0,0,light_rain,0.7522,0.7533,0.6489,0.2434,298
2012-02-12,winter,1,2,0,0,light_rain,0.6902,0.6942,0.7974,0.2288,199
2012-02-13,winter,1,2,0,1,light_rain,0.7453,0.6927,0.8134,0.2656,791
2012-02-14,winter,1,2,0,1,light_rain,0.8572,0.8356,0.6886,0.1349,630
2012-02-15,winter,1,2,0,1,light_rain,0.5291,0.5034,0.7936,0.1886,245
2012-02-16,winter,1,2,0,1,light_rain,0.6517,0.6832,0.7267,0.15,430
2012-02-17,winter,1,2,0,1,light_rain,0.7179,0.6974,0.7429,0.0686,505
2012-02-18,winter,1,2,0,0,light_rain,0.8947,0.8967,0.7454,0.2594,519
2012-02-19,winter,1,2,0,0,light_rain,0.5784,0.5446,0.8521,0.1861,185
2012-02-20,winter,1,2,0,1,light_rain,0.6585,0.6673,0.7507,0.1539,401
2012-02-21,winter,1,2,0,1,light_rain,0.7362,0.7819,0.7532,0.2207,640
2012-02-22,winter,1,2,0,1,light_rain,0.7599,0.8305,0.75,0.1905,791
2012-02-23,winter,1,2,0,1,light_rain,0.523,0.4742,0.736,0.2301,326
2012-02-24,winter,1,2,0,1,light_rain,0.6251,0.6723,0.8085,0.1623,278
2012-02-25,winter,1,2,0,0,light_rain,0.6802,0.6804,0.6483,0.1751,322
2012-02-26,winter,1,2,0,0,heavy_rain,0.5745,0.6181,0.916,0.2044,50
2012-02-27,winter,1,2,0,1,light_rain,0.6032,0.5561,0.6902,0.2211,332
2012-02-28,winter,1,2,0,1,light_rain,0.8626,0.8672,0.7931,0.2688,487
2012-02-29,winter,1,2,0,1,light_rain,0.6846,0.6744,0.8344,0.1457,220
2012-03-01,spring,1,3,0,1,light_rain,0.8595,0.8529,0.7635,0.2153,805
2012-03-02,spring,1,3,0,1,light_rain,0.7992,0.7766,0.5264,0.1967,887
2012-03-03,spring,1,3,0,0,light_rain,0.8778,0.839,0.7009,0.1088,625
2012-03-04,spring,1,3,0,0,light_rain,0.7455,0.7385,0.7139,0.1045,411
2012-03-05,spring,1,3,0,1,light_rain,0.8389,0.8132,0.7758,0.1764,757
2012-03-06,spring,1,3,0,1,light_rain,1.0,0.9698,0.7705,0.2254,645
2012-03-07,spring,1,3,0,1,light_rain,0.7745,0.7486,0.7926,0.1733,613
2012-03-08,spring,1,3,0,1,light_rain,0.9569,0.9876,0.7383,0.1925,1025
2012-03-09,spring,1,3,0,1,light_rain,0.7198,0.7397,0.815,0.2553,457
2012-03-10,spring,1,3,0,0,light_rain,0.9683,1.0,0.7336,0.1877,936
2012-03-11,spring,1,3,0,0,light_rain,0.7793,0.8014,0.7982,0.2147,478
2012-03-12,spring,1,3,0,1,light_rain,0.8522,0.8871,0.7947,0.1686,686
2012-03-13,spring,1,3,0,1,light_rain,0.813,0.809,0.7363,0.228,554
2012-03-14,spring,1,3,0,1,light_rain,0.9147,0.9026,0.8218,0.1301,692
2012-03-15,spring,1,3,0,1,light_rain,0.8193,0.8719,0.7856,0.1223,526
2012-03-16,spring,1,3,0,1,light_rain,0.7219,0.6873,0.7343,0.207,649
2012-03-17,spring,1,3,0,0,light_rain,0.6394,0.755,0.6794,0.2802,321
2012-03-18,spring,1,3,0,0,light_rain,0.8971,0.9753,0.7414,0.1437,704
2012-03-19,spring,1,3,0,1,light_rain,0.6732,0.7109,0.7729,0.0349,422
2012-03-20,spring,1,3,0,1,light_rain,0.7206,0.7329,0.6265,0.2217,677
2012-03-21,spring,1,3,0,1,light_rain,0.7448,0.7218,0.6538,0.2735,475
2012-03-22,spring,1,3,0,1,light_rain,0.7382,0.6682,0.7397,0.2454,551
2012-03-23,spring,1,3,0,1,light_rain,0.7889,0.8068,0.6697,0.1298,693
2012-03-24,spring,1,3,0,0,light_rain,0.8236,0.8016,0.8103,0.1945,457
2012-03-25,spring,1,3,0,0,light_rain,0.7448,0.7418,0.8298,0.1992,297
2012-03-26,spring,1,3,0,1,light_rain,0.9114,0.9031,0.7243,0.2278,1006
2012-03-27,spring,1,3,0,1,light_rain,0.8261,0.8075,0.701,0.2685,834
2012-03-28,spring,1,3,0,1,light_rain,0.8755,0.9244,0.6021,0.22,879
2012-03-29,spring,1,3,0,1,light_rain,0.777,0.7996,0.6237,0.2199,552
2012-03-30,spring,1,3,0,1,light_rain,0.8078,0.842,0.7928,0.2234,774
2012-03-31,spring,1,3,0,0,light_rain,0.7686,0.8077,0.7601,0.1864,379
2012-04-01,spring,1,4,0,0,light_rain,0.7308,0.7051,0.8227,0.0994,374
2012-04-02,spring,1,4,0,1,light_rain,0.7498,0.7908,0.6961,0.1681,649
2012-04-03,spring,1,4,0,1,light_rain,0.7836,0.7872,0.7631,0.2107,670
2012-04-04,spring,1,4,0,1,light_rain,0.8794,0.8782,0.7706,0.2213,731
2012-04-05,spring,1,4,0,1,light_rain,0.8553,0.8133,0.6854,0.1268,609
2012-04-06,spring,1,4,0,1,light_rain,0.8209,0.8306,0.7863,0.1412,838
2012-04-07,spring,1,4,0,0,mist,0.9179,0.9107,0.4977,0.1791,1094
2012-04-08,spring,1,4,0,0,mist,0.8035,0.8234,0.4883,0.2153,1025
2012-04-09,spring,1,4,0,1,light_rain,0.7745,0.7497,0.799,0.2199,489
2012-04-10,spring,1,4,0,1,light_rain,0.8742,0.9268,0.5959,0.1745,901
2012-04-11,spring,1,4,0,1,light_rain,0.9379,0.931,0.8102,0.2015,1026
2012-04-12,spring,1,4,0,1,light_rain,0.8769,0.9047,0.8088,0.1843,991
2012-04-13,spring,1,4,0,1,light_rain,0.8041,0.7762,0.6472,0.2129,750
2012-04-14,spring,1,4,0,0,light_rain,0.8416,0.8371,0.5613,0.1126,847
2012-04-15,spring,1,4,0,0,light_rain,1.0,1.0,0.7006,0.1869,800
2012-04-16,spring,1,4,0,1,light_rain,0.7353,0.7004,0.7959,0.1859,242
2012-04-17,spring,1,4,0,1,light_rain,0.8677,0.9117,0.6648,0.1794,796
2012-04-18,spring,1,4,0,1,light_rain,0.6702,0.6558,0.8344,0.2234,532
2012-04-19,spring,1,4,0,1,light_rain,0.7928,0.7508,0.6832,0.2804,658
2012-04-20,spring,1,4,0,1,light_rain,0.8405,0.8617,0.6938,0.2191,612
2012-04-21,spring,1,4,0,0,light_rain,0.878,0.891,0.6135,0.1383,402
2012-04-22,spring,1,4,0,0,light_rain,0.8581,0.9568,0.5929,0.1867,600
2012-04-23,spring,1,4,0,1,light_rain,0.9065,0.9345,0.6424,0.2332,713
2012-04-24,spring,1,4,0,1,light_rain,0.6686,0.7616,0.6787,0.269,416
2012-04-25,spring,1,4,0,1,light_rain,0.8465,0.8256,0.7287,0.1699,786
2012-04-26,spring,1,4,0,1,light_rain,0.9318,0.9061,0.5436,0.211,1008
2012-04-27,spring,1,4,0,1,light_rain,0.8299,0.896,0.8267,0.1887,563
2012-04-28,spring,1,4,0,0,light_rain,0.7576,0.7463,0.6471,0.1595,505
2012-04-29,spring,1,4,0,0,light_rain,0.7045,0.6469,0.6608,0.1414,426
2012-04-30,spring,1,4,0,1,light_rain,0.7329,0.7047,0.7338,0.1544,543
2012-05-01,spring,1,5,0,1,light_rain,0.8082,0.8013,0.4987,0.237,707
2012-05-02,spring,1,5,0,1,light_rain,0.726,0.7251,0.5994,0.1891,522
2012-05-03,spring,1,5,0,1,light_rain,0.743,0.7444,0.6314,0.1548,792
2012-05-04,spring,1,5,0,1,light_rain,0.8632,0.8316,0.5323,0.2327,959
2012-05-05,spring,1,5,0,0,light_rain,0.657,0.6558,0.7861,0.156,330
2012-05-06,spring,1,5,0,0,light_rain,0.8677,0.8292,0.5712,0.1234,829
2012-05-07,spring,1,5,0,1,light_rain,0.826,0.8382,0.5712,0.178,828
2012-05-08,spring,1,5,0,1,light_rain,0.774,0.7377,0.6347,0.1831,852
2012-05-09,spring,1,5,0,1,light_rain,0.6484,0.6028,0.6455,0.231,630
2012-05-10,spring,1,5,0,1,light_rain,0.7695,0.741,0.5783,0.0909,618
2012-05-11,spring,1,5,0,1,light_rain,0.839,0.8052,0.6701,0.1235,991
2012-05-12,spring,1,5,0,0,light_rain,0.65,0.6248,0.6254,0.1479,397
2012-05-13,spring,1,5,0,0,light_rain,0.783,0.8082,0.6187,0.217,528
2012-05-14,spring,1,5,0,1,light_rain,0.7878,0.793,0.6666,0.1429,598
2012-05-15,spring,1,5,0,1,light_rain,0.5853,0.6033,0.6927,0.1574,384
2012-05-16,spring,1,5,0,1,mist,0.7088,0.7687,0.5336,0.0825,1219
2012-05-17,spring,1,5,0,1,light_rain,0.8356,0.9065,0.6872,0.1942,770
2012-05-18,spring,1,5,0,1,light_rain,0.7675,0.8536,0.7453,0.2617,609
2012-05-19,spring,1,5,0,0,light_rain,0.9221,0.8826,0.7837,0.1923,615
2012-05-20,spring,1,5,0,0,light_rain,0.9105,0.9094,0.6791,0.2915,549
2012-05-21,spring,1,5,0,1,light_rain,0.6903,0.6754,0.4813,0.2779,623
2012-05-22,spring,1,5,0,1,light_rain,0.6606,0.662,0.5345,0.1629,637
2012-05-23,spring,1,5,0,1,light_rain,0.8664,0.8333,0.6537,0.1198,839
2012-05-24,spring,1,5,0,1,light_rain,0.8104,0.8735,0.5686,0.2139,1032
2012-05-25,spring,1,5,0,1,light_rain,0.8629,0.8189,0.616,0.3182,835
2012-05-26,spring,1,5,0,0,light_rain,0.8454,0.8222,0.5736,0.2114,598
2012-05-27,spring,1,5,0,0,light_rain,0.8158,0.784,0.6617,0.2041,359
2012-05-28,spring,1,5,0,1,light_rain,0.731,0.6648,0.6977,0.1406,439
2012-05-29,spring,1,5,0,1,light_rain,0.8571,0.8418,0.6444,0.1904,839
2012-05-30,spring,1,5,0,1,light_rain,0.946,0.9014,0.6819,0.253,1026
2012-05-31,spring,1,5,0,1,light_rain,0.7232,0.667,0.6031,0.1731,712
2012-06-01,summer,1,6,0,1,light_rain,0.8063,0.8341,0.6241,0.1282,684
2012-06-02,summer,1,6,0,0,mist,0.6502,0.7081,0.4653,0.2362,1063
2012-06-03,summer,1,6,0,0,mist,0.6933,0.676,0.4817,0.1955,935
2012-06-04,summer,1,6,0,1,light_rain,0.6225,0.6972,0.5776,0.1467,487
2012-06-05,summer,1,6,0,1,light_rain,0.5947,0.6012,0.6505,0.1035,640
2012-06-06,summer,1,6,0,1,light_rain,0.7627,0.6839,0.5395,0.2108,614
2012-06-07,summer,1,6,0,1,light_rain,0.5767,0.6212,0.5766,0.1819,416
2012-06-08,summer,1,6,0,1,light_rain,0.6938,0.7145,0.5503,0.1808,461
2012-06-09,summer,1,6,0,0,light_rain,0.6403,0.6641,0.5728,0.2301,273
2012-06-10,summer,1,6,0,0,light_rain,0.8317,0.8019,0.5552,0.1546,622
2012-06-11,summer,1,6,0,1,light_rain,0.6313,0.6109,0.5817,0.197,784
2012-06-12,summer,1,6,0,1,mist,0.6272,0.5737,0.4708,0.1725,1056
2012-06-13,summer,1,6,0,1,light_rain,0.7896,0.7937,0.6774,0.2745,671
2012-06-14,summer,1,6,0,1,mist,0.6415,0.6589,0.4754,0.2278,879
2012-06-15,summer,1,6,0,1,light_rain,0.6104,0.6048,0.5702,0.1013,530
2012-06-16,summer,1,6,0,0,mist,0.7276,0.6826,0.5,0.2151,1062
2012-06-17,summer,1,6,0,0,light_rain,0.7164,0.724,0.6812,0.1546,535
2012-06-18,summer,1,6,0,1,mist,0.6784,0.7145,0.4783,0.1548,1166
2012-06-19,summer,1,6,0,1,mist,0.6168,0.6302,0.5103,0.2014,1030
2012-06-20,summer,1,6,0,1,mist,0.68,0.6513,0.4186,0.1799,1019
2012-06-21,summer,1,6,0,1,mist,0.7441,0.7121,0.5168,0.1755,1192
2012-06-22,summer,1,6,0,1,light_rain,0.6722,0.622,0.6164,0.1409,250
2012-06-23,summer,1,6,0,0,light_rain,0.8045,0.8409,0.6048,0.1319,761
2012-06-24,summer,1,6,0,0,mist,0.6041,0.6345,0.54,0.0958,909
2012-06-25,summer,1,6,0,1,light_rain,0.4387,0.467,0.6152,0.232,180
2012-06-26,summer,1,6,0,1,light_rain,0.7434,0.7559,0.6129,0.1417,457
2012-06-27,summer,1,6,0,1,light_rain,0.7812,0.7703,0.5956,0.137,703
2012-06-28,summer,1,6,0,1,light_rain,0.6705,0.7006,0.7701,0.1557,434
2012-06-29,summer,1,6,0,1,light_rain,0.7801,0.7531,0.5537,0.261,816
2012-06-30,summer,1,6,0,0,light_rain,0.5508,0.4772,0.5453,0.3011,244
2012-07-01,summer,1,7,1,0,mist,0.5277,0.5377,0.4655,0.2845,772
2012-07-02,summer,1,7,0,1,light_rain,0.4672,0.4946,0.6197,0.1749,405
2012-07-03,summer,1,7,0,1,mist,0.457,0.4639,0.3791,0.174,839
2012-07-04,summer,1,7,0,1,mist,0.624,0.6586,0.5109,0.1758,840
2012-07-05,summer,1,7,0,1,light_rain,0.5251,0.5703,0.5245,0.1812,329
2012-07-06,summer,1,7,0,1,mist,0.3121,0.301,0.3958,0.1209,813
2012-07-07,summer,1,7,0,0,light_rain,0.541,0.5394,0.5182,0.2591,139
2012-07-08,summer,1,7,0,0,mist,0.6582,0.656,0.2927,0.2907,909
2012-07-09,summer,1,7,0,1,mist,0.3494,0.334,0.4954,0.1549,590
2012-07-10,summer,1,7,0,1,mist,0.3522,0.3401,0.4489,0.2009,739
2012-07-11,summer,1,7,0,1,light_rain,0.4368,0.4825,0.5694,0.1982,357
2012-07-12,summer,1,7,0,1,mist,0.3703,0.3634,0.495,0.1916,688
2012-07-13,summer,1,7,0,1,light_rain,0.4826,0.5043,0.5414,0.2568,295
2012-07-14,summer,1,7,0,0,mist,0.4941,0.5028,0.5387,0.0383,642
2012-07-15,summer,1,7,0,0,light_rain,0.6286,0.5974,0.7064,0.2467,287
2012-07-16,summer,1,7,0,1,mist,0.6832,0.615,0.4967,0.0743,1161
2012-07-17,summer,1,7,0,1,mist,0.3728,0.3851,0.525,0.0927,916
2012-07-18,summer,1,7,0,1,mist,0.5965,0.5944,0.4862,0.1123,894
2012-07-19,summer,1,7,0,1,light_rain,0.5426,0.5012,0.5403,0.1967,256
2012-07-20,summer,1,7,0,1,light_rain,0.501,0.5513,0.6026,0.1438,266
2012-07-21,summer,1,7,0,0,light_rain,0.5785,0.5832,0.5358,0.1789,195
2012-07-22,summer,1,7,0,0,light_rain,0.4249,0.4712,0.5344,0.1517,74
2012-07-23,summer,1,7,0,1,light_rain,0.5102,0.4733,0.59,0.1314,238
2012-07-24,summer,1,7,0,1,light_rain,0.4469,0.4104,0.574,0.2343,289
2012-07-25,summer,1,7,0,1,mist,0.4809,0.4797,0.4145,0.249,1006
2012-07-26,summer,1,7,0,1,mist,0.633,0.5894,0.4405,0.2328,1038
2012-07-27,summer,1,7,0,1,light_rain,0.5402,0.5459,0.529,0.1655,531
2012-07-28,summer,1,7,0,0,light_rain,0.4677,0.4472,0.59,0.1473,229
2012-07-29,summer,1,7,0,0,mist,0.417,0.4161,0.4898,0.1068,653
2012-07-30,summer,1,7,0,1,mist,0.5663,0.5632,0.445,0.2246,1208
2012-07-31,summer,1,7,0,1,mist,0.4888,0.4583,0.4272,0.1033,825
2012-08-01,summer,1,8,0,1,mist,0.2242,0.2145,0.4135,0.1891,509
2012-08-02,summer,1,8,0,1,mist,0.3905,0.4126,0.5137,0.1476,783
2012-08-03,summer,1,8,0,1,mist,0.2298,0.2166,0.557,0.0937,662
2012-08-04,summer,1,8,0,0,light_rain,0.3554,0.3263,0.6425,0.169,97
2012-08-05,summer,1,8,0,0,mist,0.3645,0.4041,0.4493,0.2007,478
2012-08-06,summer,1,8,0,1,mist,0.3299,0.3063,0.462,0.2768,717
2012-08-07,summer,1,8,0,1,light_rain,0.4247,0.4529,0.5284,0.2177,349
2012-08-08,summer,1,8,0,1,light_rain,0.2777,0.2605,0.6302,0.2259,50
2012-08-09,summer,1,8,1,0,light_rain,0.2743,0.2846,0.6217,0.2562,68
2012-08-10,summer,1,8,0,1,mist,0.3662,0.3345,0.4183,0.2342,705
2012-08-11,summer,1,8,0,0,mist,0.3626,0.3274,0.4992,0.1654,597
2012-08-12,summer,1,8,0,0,light_rain,0.4102,0.4102,0.5897,0.1805,150
2012-08-13,summer,1,8,0,1,mist,0.3285,0.3207,0.3001,0.0864,663
2012-08-14,summer,1,8,0,1,mist,0.3592,0.3194,0.467,0.1982,653
2012-08-15,summer,1,8,0,1,mist,0.4479,0.3892,0.3767,0.1349,647
2012-08-16,summer,1,8,0,1,mist,0.2505,0.1448,0.3675,0.134,575
2012-08-17,summer,1,8,0,1,light_rain,0.286,0.2462,0.5698,0.1028,139
2012-08-18,summer,1,8,0,0,light_rain,0.3948,0.4169,0.6411,0.1304,50
2012-08-19,summer,1,8,0,0,mist,0.2758,0.2416,0.5376,0.1158,335
2012-08-20,summer,1,8,0,1,mist,0.236,0.2572,0.4228,0.2254,684
2012-08-21,summer,1,8,0,1,light_rain,0.2617,0.2744,0.5403,0.1881,156
2012-08-22,summer,1,8,0,1,light_rain,0.3303,0.2894,0.525,0.1804,195
2012-08-23,summer,1,8,0,1,mist,0.4082,0.3986,0.4597,0.1612,772
2012-08-24,summer,1,8,0,1,mist,0.3595,0.3654,0.5078,0.2008,754
2012-08-25,summer,1,8,0,0,light_rain,0.3974,0.3518,0.5839,0.2136,51
2012-08-26,summer,1,8,0,0,mist,0.416,0.3995,0.4024,0.2414,539
2012-08-27,summer,1,8,0,1,mist,0.3833,0.4252,0.3963,0.2038,1036
2012-08-28,summer,1,8,0,1,mist,0.3575,0.3573,0.4818,0.1738,625
2012-08-29,summer,1,8,0,1,mist,0.2939,0.3451,0.3613,0.2142,667
2012-08-30,summer,1,8,0,1,light_rain,0.3478,0.3333,0.5466,0.2073,179
2012-08-31,summer,1,8,0,1,light_rain,0.4406,0.4235,0.577,0.1782,219
2012-09-01,fall,1,9,0,0,mist,0.3182,0.325,0.4704,0.1206,552
2012-09-02,fall,1,9,0,0,mist,0.2525,0.2569,0.3968,0.1743,371
2012-09-03,fall,1,9,0,1,mist,0.1662,0.2633,0.4723,0.2338,628
2012-09-04,fall,1,9,0,1,mist,0.1807,0.236,0.4795,0.1673,269
2012-09-05,fall,1,9,0,1,mist,0.197,0.2027,0.496,0.1755,525
2012-09-06,fall,1,9,0,1,light_rain,0.3024,0.2637,0.6009,0.2985,115
2012-09-07,fall,1,9,0,1,mist,0.3647,0.3571,0.4052,0.195,578
2012-09-08,fall,1,9,0,0,light_rain,0.305,0.3152,0.5645,0.2211,76
2012-09-09,fall,1,9,0,0,mist,0.0352,0.0196,0.4959,0.1843,50
2012-09-10,fall,1,9,0,1,light_rain,0.2231,0.1821,0.5471,0.1393,50
2012-09-11,fall,1,9,0,1,mist,0.2072,0.1833,0.4962,0.1798,552
2012-09-12,fall,1,9,0,1,light_rain,0.1721,0.1458,0.5125,0.2153,50
2012-09-13,fall,1,9,0,1,mist,0.3085,0.3543,0.4187,0.1315,672
2012-09-14,fall,1,9,0,1,mist,0.161,0.231,0.4763,0.189,590
2012-09-15,fall,1,9,0,0,mist,0.1215,0.1352,0.5312,0.1122,226
2012-09-16,fall,1,9,0,0,mist,0.1591,0.1875,0.4065,0.2389,231
2012-09-17,fall,1,9,0,1,mist,0.3467,0.3333,0.3894,0.1316,796
2012-09-18,fall,1,9,0,1,light_rain,0.3052,0.3598,0.5075,0.254,84
2012-09-19,fall,1,9,0,1,mist,0.2516,0.2649,0.4932,0.175,451
2012-09-20,fall,1,9,0,1,light_rain,0.2464,0.2461,0.6499,0.1274,77
2012-09-21,fall,1,9,0,1,mist,0.1787,0.1745,0.4776,0.1849,777
2012-09-22,fall,1,9,0,0,light_rain,0.0894,0.0544,0.6656,0.2506,50
2012-09-23,fall,1,9,0,0,mist,0.2032,0.2272,0.5224,0.1366,563
2012-09-24,fall,1,9,0,1,light_rain,0.2249,0.1757,0.6214,0.1779,50
2012-09-25,fall,1,9,0,1,mist,0.0936,0.0833,0.5306,0.1335,406
2012-09-26,fall,1,9,0,1,light_rain,0.1435,0.1482,0.5478,0.207,50
2012-09-27,fall,1,9,0,1,light_rain,0.3125,0.3434,0.5736,0.2653,215
2012-09-28,fall,1,9,0,1,mist,0.2579,0.2877,0.5175,0.1625,535
2012-09-29,fall,1,9,0,0,light_rain,0.1315,0.0983,0.5534,0.1817,50
2012-09-30,fall,1,9,0,0,mist,0.2064,0.2283,0.4699,0.1409,359
2012-10-01,fall,1,10,0,1,mist,0.0839,0.1151,0.414,0.2258,353
2012-10-02,fall,1,10,0,1,light_rain,0.1793,0.208,0.5041,0.2913,50
2012-10-03,fall,1,10,0,1,light_rain,0.028,0.0066,0.5821,0.1818,50
2012-10-04,fall,1,10,0,1,mist,0.1059,0.077,0.531,0.1403,338
2012-10-05,fall,1,10,0,1,light_rain,0.0719,0.1017,0.6351,0.126,50
2012-10-06,fall,1,10,0,0,light_rain,0.1681,0.1497,0.6546,0.2627,50
2012-10-07,fall,1,10,0,0,light_rain,0.2455,0.2725,0.5377,0.24,50
2012-10-08,fall,1,10,0,1,light_rain,0.3198,0.324,0.5677,0.2685,141
2012-10-09,fall,1,10,0,1,mist,0.1145,0.1256,0.4687,0.2112,497
2012-10-10,fall,1,10,0,1,light_rain,0.0324,0.0178,0.5504,0.1714,50
2012-10-11,fall,1,10,0,1,light_rain,0.1254,0.1689,0.5217,0.1937,106
2012-10-12,fall,1,10,0,1,light_rain,0.2726,0.2788,0.6915,0.2044,155
2012-10-13,fall,1,10,0,0,light_rain,0.0881,0.0943,0.6344,0.1319,50
2012-10-14,fall,1,10,0,0,light_rain,0.2355,0.2675,0.6252,0.2267,50
2012-10-15,fall,1,10,0,1,light_rain,0.0927,0.1477,0.8411,0.1658,50
2012-10-16,fall,1,10,0,1,light_rain,0.068,0.083,0.5928,0.147,50
2012-10-17,fall,1,10,0,1,mist,0.089,0.1361,0.46,0.1851,456
2012-10-18,fall,1,10,0,1,light_rain,0.1617,0.206,0.613,0.1739,50
2012-10-19,fall,1,10,0,1,light_rain,0.1658,0.147,0.6139,0.1341,50
2012-10-20,fall,1,10,0,0,light_rain,0.1767,0.1346,0.6486,0.13,50
2012-10-21,fall,1,10,0,0,light_rain,0.1505,0.1246,0.5828,0.2199,50
2012-10-22,fall,1,10,0,1,mist,0.1968,0.1977,0.474,0.2157,652
2012-10-23,fall,1,10,0,1,light_rain,0.1258,0.0605,0.6431,0.2937,50
2012-10-24,fall,1,10,0,1,light_rain,0.2145,0.1765,0.5836,0.1706,50
2012-10-25,fall,1,10,0,1,light_rain,0.2248,0.2238,0.6028,0.1628,50
2012-10-26,fall,1,10,0,1,light_rain,0.1682,0.1787,0.5987,0.2348,73
2012-10-27,fall,1,10,0,0,light_rain,0.1004,0.0413,0.5165,0.2073,50
2012-10-28,fall,1,10,0,0,mist,0.0817,0.0656,0.4431,0.2921,182
2012-10-29,fall,1,10,0,1,mist,0.1858,0.1188,0.5014,0.2128,425
2012-10-30,fall,1,10,0,1,mist,0.159,0.2042,0.4771,0.1769,646
2012-10-31,fall,1,10,0,1,mist,0.0,0.011,0.5033,0.1246,248
2012-11-01,fall,1,11,0,1,light_rain,0.1018,0.0855,0.6113,0.1687,50
2012-11-02,fall,1,11,0,1,light_rain,0.1616,0.149,0.6764,0.2169,50
2012-11-03,fall,1,11,0,0,light_rain,0.1269,0.154,0.6391,0.198,50
2012-11-04,fall,1,11,0,0,light_rain,0.2392,0.1709,0.6117,0.2547,50
2012-11-05,fall,1,11,0,1,mist,0.1489,0.1016,0.5322,0.1415,668
2012-11-06,fall,1,11,0,1,light_rain,0.1336,0.1329,0.6408,0.1718,90
2012-11-07,fall,1,11,0,1,mist,0.3641,0.3758,0.5689,0.0379,712
2012-11-08,fall,1,11,0,1,light_rain,0.1293,0.1167,0.701,0.1171,50
2012-11-09,fall,1,11,0,1,light_rain,0.2013,0.1147,0.5906,0.1791,50
2012-11-10,fall,1,11,0,0,light_rain,0.1454,0.1195,0.7387,0.1555,50
2012-11-11,fall,1,11,0,0,light_rain,0.1749,0.1433,0.7284,0.2658,50
2012-11-12,fall,1,11,0,1,light_rain,0.1507,0.0777,0.5937,0.2752,50
2012-11-13,fall,1,11,0,1,light_rain,0.2079,0.1235,0.5472,0.2492,60
2012-11-14,fall,1,11,0,1,light_rain,0.218,0.2003,0.5283,0.1945,193
2012-11-15,fall,1,11,0,1,light_rain,0.2894,0.2308,0.5367,0.162,50
2012-11-16,fall,1,11,0,1,light_rain,0.1498,0.1341,0.6762,0.2377,50
2012-11-17,fall,1,11,0,0,light_rain,0.2951,0.2998,0.6175,0.1332,50
2012-11-18,fall,1,11,0,0,light_rain,0.0172,0.0,0.7223,0.2184,50
2012-11-19,fall,1,11,0,1,light_rain,0.2918,0.3035,0.5829,0.1467,264
2012-11-20,fall,1,11,0,1,light_rain,0.0991,0.0941,0.5834,0.2432,50
2012-11-21,fall,1,11,0,1,mist,0.1625,0.1296,0.4677,0.1496,613
2012-11-22,fall,1,11,0,1,light_rain,0.3031,0.3301,0.6193,0.1661,73
2012-11-23,fall,1,11,0,1,light_rain,0.345,0.381,0.5745,0.2145,261
2012-11-24,fall,1,11,0,0,light_rain,0.2491,0.2351,0.5947,0.1924,50
2012-11-25,fall,1,11,0,0,light_rain,0.2826,0.264,0.578,0.2273,50
2012-11-26,fall,1,11,0,1,light_rain,0.1796,0.1682,0.6573,0.2013,56
2012-11-27,fall,1,11,0,1,light_rain,0.403,0.2916,0.5885,0.2289,309
2012-11-28,fall,1,11,0,1,light_rain,0.0499,0.0235,0.6672,0.2257,50
2012-11-29,fall,1,11,0,1,light_rain,0.3099,0.2853,0.5691,0.1456,50
2012-11-30,fall,1,11,0,1,light_rain,0.127,0.1052,0.756,0.2412,50
2012-12-01,winter,1,12,0,0,light_rain,0.3617,0.338,0.6407,0.1654,50
2012-12-02,winter,1,12,0,0,light_rain,0.4247,0.3948,0.8214,0.1403,50
2012-12-03,winter,1,12,0,1,light_rain,0.2771,0.3284,0.75,0.1595,50
2012-12-04,winter,1,12,0,1,light_rain,0.4355,0.439,0.6852,0.2432,337
2012-12-05,winter,1,12,0,1,light_rain,0.3898,0.4036,0.7196,0.2064,258
2012-12-06,winter,1,12,0,1,light_rain,0.3511,0.3739,0.6984,0.1588,200
2012-12-07,winter,1,12,0,1,light_rain,0.4191,0.4562,0.6373,0.1821,130
2012-12-08,winter,1,12,0,0,light_rain,0.4569,0.4826,0.771,0.1739,50
2012-12-09,winter,1,12,0,0,light_rain,0.3943,0.3973,0.7963,0.1284,50
2012-12-10,winter,1,12,0,1,light_rain,0.2794,0.211,0.6449,0.3003,219
2012-12-11,winter,1,12,0,1,light_rain,0.3881,0.4086,0.6832,0.2236,154
2012-12-12,winter,1,12,0,1,light_rain,0.3388,0.3615,0.6902,0.1986,135
2012-12-13,winter,1,12,0,1,light_rain,0.2121,0.1896,0.7661,0.1675,50
2012-12-14,winter,1,12,0,1,light_rain,0.3405,0.3092,0.7313,0.1986,95
2012-12-15,winter,1,12,0,0,light_rain,0.3468,0.2764,0.6843,0.0983,50
2012-12-16,winter,1,12,0,0,light_rain,0.2451,0.2493,0.7484,0.3111,50
2012-12-17,winter,1,12,0,1,light_rain,0.3039,0.2754,0.854,0.2086,50
2012-12-18,winter,1,12,0,1,light_rain,0.1888,0.156,0.8421,0.1244,50
2012-12-19,winter,1,12,0,1,light_rain,0.3194,0.3301,0.6286,0.0749,170
2012-12-20,winter,1,12,0,1,light_rain,0.263,0.2063,0.6098,0.2274,154
2012-12-21,winter,1,12,0,1,light_rain,0.2083,0.1956,0.7347,0.215,50
2012-12-22,winter,1,12,0,0,light_rain,0.39,0.3979,0.6102,0.243,184
2012-12-23,winter,1,12,0,0,light_rain,0.2869,0.3118,0.6399,0.2563,50
2012-12-24,winter,1,12,0,1,light_rain,0.1655,0.1905,0.7163,0.1785,50
2012-12-25,winter,1,12,0,1,light_rain,0.3506,0.3616,0.6538,0.1951,50
2012-12-26,winter,1,12,0,1,light_rain,0.1482,0.0824,0.7514,0.2476,50
2012-12-27,winter,1,12,0,1,light_rain,0.1971,0.2388,0.671,0.2032,50
2012-12-28,winter,1,12,0,1,light_rain,0.3235,0.3201,0.6813,0.1897,326
2012-12-29,winter,1,12,0,0,light_rain,0.2834,0.2472,0.5142,0.2029,50
2012-12-30,winter,1,12,0,0,light_rain,0.3438,0.2957,0.6988,0.2395,50
2012-12-31,winter,1,12,0,1,light_rain,0.3081,0.3093,0.7246,0.2143,118
